CHROM	POS	REF	ALT	GENE	AA_CHANGE	SOURCE
chr17	7577120	G	A	TP53	R248Q	COSMIC
chr17	7577538	C	T	TP53	R273H	COSMIC
chr17	7576107	G	C	background	unknown	random
chr17	7503715	A	T	background	unknown	random
chr17	7097256	C	G	background	unknown	random
chr17	7130041	T	A	background	unknown	random
chr17	7407004	T	G	background	unknown	random
chr17	7372797	G	A	background	unknown	random
chr17	7504638	A	C	background	unknown	random
chr17	7503825	C	A	background	unknown	random
chr17	7836629	G	A	background	unknown	random
chr17	7182413	A	T	background	unknown	random
chr17	7175569	A	C	background	unknown	random
chr17	7852453	G	T	background	unknown	random
chr17	7363024	A	T	background	unknown	random
chr17	7054108	C	T	background	unknown	random
chr17	7153150	C	T	background	unknown	random
chr17	7631276	T	G	background	unknown	random
chr17	7495655	C	G	background	unknown	random
chr17	7303733	A	T	background	unknown	random
chr17	7951586	A	G	background	unknown	random
chr17	7079602	A	C	background	unknown	random
chr17	7026666	G	C	background	unknown	random
chr17	7743459	G	C	background	unknown	random
chr17	7683204	A	G	background	unknown	random
chr17	7243888	G	C	background	unknown	random
chr17	7528649	A	C	background	unknown	random
chr17	7233866	A	T	background	unknown	random
chr17	7613642	T	C	background	unknown	random
chr17	7498229	C	A	background	unknown	random
chr17	7959373	G	C	background	unknown	random
chr17	7397514	T	C	background	unknown	random
chr17	7958258	T	C	background	unknown	random
chr17	7581264	C	A	background	unknown	random
chr17	7609147	A	G	background	unknown	random
chr17	7031977	T	C	background	unknown	random
chr17	7743721	G	T	background	unknown	random
chr17	7741981	T	G	background	unknown	random
chr17	7810712	T	G	background	unknown	random
chr17	7902472	G	T	background	unknown	random
chr17	7687770	C	T	background	unknown	random
chr17	7729008	C	A	background	unknown	random
chr17	7005586	T	C	background	unknown	random
chr17	7642503	A	G	background	unknown	random
chr17	7596181	G	A	background	unknown	random
chr17	7277027	C	T	background	unknown	random
chr17	7742068	G	A	background	unknown	random
chr17	7200158	A	T	background	unknown	random
chr17	7559600	C	A	background	unknown	random
chr17	7264102	T	G	background	unknown	random
chr17	7096450	C	T	background	unknown	random
chr17	7921491	G	T	background	unknown	random
